名,姓,年度,年齢,当選,当選回数,推薦・支持,政党,新旧,略歴,選挙区,選挙方法,得票数,得票数(割合),東京からの距離,政党_世論,定員,推薦政党_世論,地方議席数_割合
忠一,伊達,2013,74,1,2,公明,自民,現,内閣府副大臣〈元〉臨床検査会社会長・参院経産委員長・道議▽芦別高,北海道,選挙区,903693,37.7,831.0,42.5,2,5.3,40.38461538461539
勝也,小川,2013,50,1,3,0,民主,現,党道副代表〈元〉防衛副大臣・首相補佐官▽日大,北海道,選挙区,583995,24.36,831.0,8.0,2,0.0,30.76923076923077
貴博,浅野,2013,35,0,0,0,大地,新,党幹事長代行〈元〉衆院議員・衆院議員秘書▽神戸大院,北海道,選挙区,352434,14.7,831.0,0.0,2,0.0,0.0
英士,森,2013,35,0,0,0,共産,新,〈元〉赤旗記者・学童保育所指導員▽北海道東海大,北海道,選挙区,272102,11.35,831.0,3.7,2,0.0,0.0
太伸,安住,2013,43,0,0,0,みんな,新,党道支部長〈元〉旭川市議・自民党支部幹事長代行▽北大院,北海道,選挙区,261802,10.92,831.0,3.1,2,0.0,0.0
佳則,森山,2013,46,0,0,0,諸派,新,幸福実現党員〈元〉新日鉄社員▽中大,北海道,選挙区,23194,0.97,831.0,0.0,2,0.0,0.0
求,滝沢,2013,54,1,0,公明,自民,新,不動産管理会社代表取締役〈元〉県議・衆院議員秘書▽中大,青森,選挙区,261575,51.33,577.3,42.5,1,5.3,108.33333333333333
幸司,平山,2013,43,0,0,社民 / みど,生活,現,オーストラリア旅行会社顧問・党参院幹事長代理〈元〉建設省職員▽慶大,青森,選挙区,76432,15.0,577.3,0.5,1,0.0,0.0
里奈,波多野,2013,40,0,0,0,みんな,新,司会業会社長〈元〉民放アナウンサー▽明大,青森,選挙区,63528,12.47,577.3,3.1,1,0.0,0.0
信,工藤,2013,59,0,0,民主,無所,新,〈元〉県農協中央会長・つがる弘前農協組合長▽東奥義塾高,青森,選挙区,53062,10.41,577.3,0.0,1,8.0,27.083333333333332
洋,吉俣,2013,39,0,0,0,共産,新,党県書記長・党准中央委員▽八戸工大,青森,選挙区,48290,9.48,577.3,3.7,1,0.0,8.333333333333332
昭弘,石田,2013,54,0,0,0,諸派,新,幸福の科学支部長▽東京写真専門学校,青森,選挙区,6659,1.31,577.3,0.0,1,0.0,0.0
達男,平野,2013,59,1,2,0,無所,現,〈元〉復興相・民主党政調副会長・農水省職員・県農地計画課長▽東大,岩手,選挙区,243368,39.71,463.8,0.0,1,0.0,6.25
真一,田中,2013,46,0,0,公明,自民,新,〈元〉慶大ラグビー部監督・参院議員秘書・神戸製鋼所社員▽慶大,岩手,選挙区,161499,26.35,463.8,42.5,1,5.3,52.083333333333336
敏伸,関根,2013,57,0,0,みど,生活,新,医薬品配置販売会社長〈元〉県議・日商青年部副会長▽北大,岩手,選挙区,91048,14.86,463.8,0.5,1,0.0,0.0
晴美,吉田,2013,41,0,0,0,民主,新,〈元〉参院議員秘書・証券会社員・航空会社員▽英バーミンガム大院,岩手,選挙区,62047,10.12,463.8,8.0,1,0.0,97.91666666666666
幸夫,菊池,2013,54,0,0,0,共産,新,党県常任委員〈元〉党地区副委員長・民青県副委員長▽東北大中退,岩手,選挙区,46529,7.59,463.8,3.7,1,0.0,8.333333333333332
敬子,高橋,2013,51,0,0,0,諸派,新,幸福実現党員〈元〉宮古農業改良普及所農業改良普及員▽岩手大,岩手,選挙区,8322,1.36,463.8,0.0,1,0.0,0.0
治郎,愛知,2013,44,1,2,公明,自民,現,〈元〉参院東日本大震災復興特別委理事・防衛政務官・衆院議員秘書▽中大,宮城,選挙区,421634,44.71,304.9,42.5,2,5.3,79.66101694915254
政宗,和田,2013,38,1,0,0,みんな,新,〈元〉ＮＨＫアナウンサー▽慶大,宮城,選挙区,220207,23.35,304.9,3.1,2,0.0,5.084745762711865
トミ子,岡崎,2013,69,0,2,0,民主,現,党副代表〈元〉内閣府特命担当相・東北放送アナウンサー▽福島女高,宮城,選挙区,215105,22.81,304.9,8.0,2,0.0,18.64406779661017
彩子,岩渕,2013,30,0,0,0,共産,新,党准県委員〈元〉ソフトウエア開発会社員・病院職員▽東京医薬専門学校,宮城,選挙区,76515,8.11,304.9,3.7,2,0.0,10.16949152542373
智子,皀,2013,41,0,0,0,諸派,新,幸福実現党員〈元〉石油会社員▽仙台経理専門学校,宮城,選挙区,9662,1.02,304.9,0.0,2,0.0,0.0
松司,中泉,2013,34,1,0,公明,自民,新,農業・党県青年局長〈元〉県議・ビル清掃会社員・参院議員秘書▽中大,秋田,選挙区,260846,52.33,448.7,42.5,1,5.3,122.22222222222223
大悟,松浦,2013,43,0,0,0,民主,現,参院予算委員会理事・党県代表〈元〉秋田放送アナウンサー▽神戸学院大,秋田,選挙区,194497,39.02,448.7,8.0,1,0.0,13.333333333333334
良夫,佐竹,2013,62,0,0,0,共産,新,党県委員〈元〉医労連中央執行副委員長▽秋田大院,秋田,選挙区,36371,7.3,448.7,3.7,1,0.0,4.444444444444445
晃,西野,2013,36,0,0,0,諸派,新,幸福実現党県副代表・幸福の科学支部長▽国学院大,秋田,選挙区,6736,1.35,448.7,0.0,1,0.0,0.0
瑞穂,大沼,2013,34,1,0,公明,自民,新,〈元〉東京財団研究員・外務省専門調査員・ＮＨＫ記者▽慶大院,山形,選挙区,272779,48.22,289.4,42.5,1,5.3,159.0909090909091
康江,舟山,2013,47,0,0,社民,みどり,現,党政調会長〈元〉農水政務官・燃料小売会社役員・農水省職員▽北大,山形,選挙区,252040,44.55,289.4,0.1,1,0.9,0.0
俊男,太田,2013,59,0,0,0,共産,新,党県副委員長〈元〉党県常任委員▽岩手大,山形,選挙区,33718,5.96,289.4,3.7,1,0.0,4.545454545454546
良太,城取,2013,36,0,0,0,諸派,新,幸福の科学職員〈元〉ＨＳ政経塾生・人材派遣会社員▽成蹊大,山形,選挙区,7193,1.27,289.4,0.0,1,0.0,0.0
雅子,森,2013,48,1,1,公明,自民,現,少子化担当相・消費者相・弁護士〈元〉金融庁職員▽東北大,福島,選挙区,484089,56.59,238.9,42.5,1,5.3,82.75862068965517
恵美,金子,2013,48,0,0,0,民主,現,〈元〉復興政務官・内閣府政務官・伊達市議▽米カリフォルニア州立大院,福島,選挙区,240842,28.15,238.9,8.0,1,0.0,43.103448275862064
友,岩渕,2013,36,0,0,0,共産,新,党県常任委員・党県被災者救援対策本部長〈元〉県臨時職員▽福島大,福島,選挙区,77401,9.05,238.9,3.7,1,0.0,13.793103448275861
陽子,遠藤,2013,63,0,0,生活,社民,新,市民団体代表・党県常任幹事〈元〉中学教諭・県教組書記次長▽東京音大,福島,選挙区,35801,4.19,238.9,0.9,1,0.5,1.7241379310344827
秀光,酒井,2013,45,0,0,0,諸派,新,幸福実現党員〈元〉商業ビル会社員・進学塾講師・保険会社員▽福島大,福島,選挙区,9860,1.15,238.9,0.0,1,0.0,0.0
一成,杉内,2013,80,0,0,0,諸派,新,財政再建党代表・エネルギー開発会社経営〈元〉金型製作会社顧問▽東北大,福島,選挙区,7425,0.87,238.9,0.0,1,0.0,0.0
良祐,上月,2013,50,1,0,公明,自民,新,〈元〉副知事・県総務部長・内閣官房副長官秘書官▽東大,茨城,選挙区,560642,48.43,99.3,42.5,2,5.3,75.38461538461539
幸久,藤田,2013,63,1,1,0,民主,現,参院財政金融委員長〈元〉財務副大臣・衆院議員・国際ＮＧＯ理事▽慶大,茨城,選挙区,204021,17.62,99.3,8.0,2,0.0,13.846153846153847
順子,石原,2013,52,0,0,0,みんな,新,ワイン醸造家・ワイン輸入卸販売会社長〈元〉損害保険会社員▽放送大,茨城,選挙区,153403,13.25,99.3,3.1,2,0.0,4.615384615384616
章,石井,2013,56,0,0,0,維新,新,パン製造会社役員〈元〉衆院議員・取手市議・藤代町議▽専修大,茨城,選挙区,127823,11.04,99.3,2.7,2,0.0,0.0
恭子,小林,2013,62,0,0,0,共産,新,党県くらし雇用対策部長〈元〉県南農民組合事務局長▽鹿児島女短大,茨城,選挙区,97197,8.4,99.3,3.7,2,0.0,1.5384615384615385
幸樹,中村,2013,49,0,0,0,諸派,新,幸福実現党県副代表〈元〉自衛官▽防衛大,茨城,選挙区,14586,1.26,99.3,0.0,2,0.0,0.0
克法,高橋,2013,55,1,0,公明,自民,新,〈元〉高根沢町長・県町村会長・県議・参院議員秘書▽明大,栃木,選挙区,376553,48.11,98.8,42.5,1,5.3,88.0
智美,沖,2013,32,0,0,0,みんな,新,〈元〉衆院議員秘書・新宿区議・飲料サービス会社準社員▽京都府峰山高,栃木,選挙区,201895,25.79,98.8,3.1,1,0.0,52.0
博之,谷,2013,70,0,1,0,民主,現,党県代表・県難病連顧問〈元〉法務副大臣・県議・宇都宮市議▽宇都宮大,栃木,選挙区,158577,20.26,98.8,8.0,1,0.0,20.0
一徳,小池,2013,52,0,0,0,共産,新,党県書記長・党県くらし雇用対策本部長〈元〉生協職員▽東北大中退,栃木,選挙区,41351,5.28,98.8,3.7,1,0.0,0.0
満春,杉浦,2013,45,0,0,0,諸派,新,幸福実現党総務会長代理▽日大,栃木,選挙区,4371,0.56,98.8,0.0,1,0.0,0.0
一太,山本,2013,55,1,3,公明,自民,現,沖縄北方相〈元〉外務副大臣・国連開発計画職員▽米ジョージタウン大院,群馬,選挙区,580144,71.89,96.4,42.5,1,5.3,120.0
富士子,加賀谷,2013,35,0,0,0,民主,新,不動産会社員〈元〉法律事務所事務員▽和光大,群馬,選挙区,123725,15.33,96.4,8.0,1,0.0,16.0
世津子,店橋,2013,51,0,0,0,共産,新,党県委員・女性団体支部委員〈元〉前橋市議・保育士▽県立保育大学校,群馬,選挙区,91905,11.39,96.4,3.7,1,0.0,8.0
陽,安永,2013,65,0,0,0,諸派,新,幸福実現党員・消費者支援ＮＰＯ法人理事長〈元〉都職員▽法大,群馬,選挙区,11200,1.39,96.4,0.0,1,0.0,0.0
俊治,古川,2013,50,1,1,0,自民,現,慶大教授・医師・弁護士▽英オックスフォード大院,埼玉,選挙区,1000725,34.05,19.0,42.5,3,0.0,53.191489361702125
克夫,矢倉,2013,38,1,0,自民,公明,新,弁護士・党青年局次長▽東大,埼玉,選挙区,599755,20.41,19.0,5.3,3,42.5,9.574468085106384
邦子,行田,2013,47,1,1,0,みんな,現,〈元〉民主党副幹事長・電通社員・旭通信社員▽国際基督教大,埼玉,選挙区,485559,16.52,19.0,3.1,3,0.0,1.0638297872340425
隆治,山根,2013,65,0,1,0,民主,現,党県顧問〈元〉党県代表・外務副大臣・県議・川越市議▽埼玉大中退,埼玉,選挙区,389625,13.26,19.0,8.0,3,0.0,11.702127659574469
岳,伊藤,2013,53,0,0,0,共産,新,党県常任委員〈元〉党地区委員長・日本民主青年同盟県委員長▽文教大,埼玉,選挙区,353594,12.03,19.0,3.7,3,0.0,2.127659574468085
康正,川上,2013,48,0,0,0,社民,新,党県副代表〈元〉衆院議員秘書・早大客員研究員・住宅会社員▽早大,埼玉,選挙区,65749,2.24,19.0,0.9,3,0.0,1.0638297872340425
美穂,谷井,2013,50,0,0,0,諸派,新,幸福の科学職員・ピアノ教室経営〈元〉幸福実現党県副代表▽東京音大,埼玉,選挙区,22345,0.76,19.0,0.0,3,0.0,0.0
照彦,宮永,2013,56,0,0,0,諸派,新,埼玉の未来を創る会代表〈元〉ソフトウエア開発会社員▽近畿大,埼玉,選挙区,21358,0.73,19.0,0.0,3,0.0,0.0
準一,石井,2013,55,1,1,公明,自民,現,参院国交委員長・建築資材会社役員〈元〉県議・衆院議員秘書▽長生高,千葉,選挙区,680706,28.5,40.2,42.5,3,5.3,61.05263157894737
俊郎,豊田,2013,60,1,0,公明,自民,新,〈元〉八千代市長・県都市計画審議会委員・県議・測量会社長▽中央工学校,千葉,選挙区,418806,17.54,40.2,42.5,3,5.3,61.05263157894737
博行,長浜,2013,54,1,1,0,民主,現,〈元〉環境相・官房副長官・厚労副大臣・衆院議員・松下政経塾生▽早大,千葉,選挙区,388529,16.27,40.2,8.0,3,0.0,18.947368421052634
昌弘,寺田,2013,45,0,0,0,みんな,新,弁護士・関東学生アメリカンフットボール連盟監事〈元〉証券会社員▽早大,千葉,選挙区,285007,11.93,40.2,3.1,3,0.0,4.2105263157894735
賢,寺尾,2013,37,0,0,0,共産,新,党県委員〈元〉日本民主青年同盟県委員長▽東京情報大,千葉,選挙区,232477,9.73,40.2,3.7,3,0.0,4.2105263157894735
広毅,花崎,2013,36,0,0,0,維新,新,党県政調会長〈元〉県議・民主党県青年委員長・衆院議員秘書▽明大中退,千葉,選挙区,186259,7.8,40.2,2.7,3,0.0,0.0
和美,太田,2013,33,0,0,0,生活,新,〈元〉衆院議員・民主党福島県副代表・千葉県議▽沼南高柳高,千葉,選挙区,148240,6.21,40.2,0.5,3,0.0,0.0
裕一,渡辺,2013,58,0,0,0,諸派,新,維新政党新風県幹事・保守運動団体代表・土木会社長▽千葉市立高,千葉,選挙区,39147,1.64,40.2,0.0,3,0.0,0.0
弘典,松島,2013,56,0,0,0,諸派,新,幸福実現党研修局長〈元〉党幹事長・三菱商事社員▽都立大,千葉,選挙区,9227,0.39,40.2,0.0,3,0.0,0.0
珠代,丸川,2013,42,1,1,0,自民,現,厚労政務官〈元〉党女性局長・テレビ朝日アナウンサー▽東大,東京,選挙区,1064660,18.88,0.0,42.5,5,0.0,22.83464566929134
敬三,武見,2013,61,1,3,0,自民,現,東海大教授〈元〉厚労副大臣・参院外交防衛委員長・外務政務次官▽慶大院,東京,選挙区,612388,10.86,0.0,42.5,5,0.0,22.83464566929134
那津男,山口,2013,61,1,2,0,公明,現,党代表・弁護士〈元〉参院行政監視委員長・衆院議員・防衛政務次官▽東大,東京,選挙区,797811,14.15,0.0,5.3,5,0.0,14.173228346456693
佳子,吉良,2013,30,1,0,0,共産,新,党都雇用就活対策室長〈元〉党地区都政青年対策委員長・印刷会社員▽早大,東京,選挙区,703901,12.49,0.0,3.7,5,0.0,4.724409448818897
太郎,山本,2013,38,1,0,0,無所,新,俳優・新党今はひとり代表▽箕面自由学園高中退,東京,選挙区,666684,11.83,0.0,0.0,5,0.0,1.574803149606299
雅子,大河原,2013,60,0,0,0,無所,現,〈元〉民主党政調副会長・東京生活者ネット代表委員・都議▽国際基督教大,東京,選挙区,236953,4.2,0.0,0.0,5,0.0,1.574803149606299
義郎,中松,2013,85,0,0,0,無所,新,発明家・イグノーベル賞受賞者協会長〈元〉青森大上級客員教授▽東大,東京,選挙区,48362,0.86,0.0,0.0,5,0.0,1.574803149606299
勝子,犬丸,2013,58,0,0,0,無所,新,介護事業所経営・介護福祉士〈元〉小学校教諭▽佛教大,東京,選挙区,12683,0.22,0.0,0.0,5,0.0,1.574803149606299
純,森,2013,65,0,0,0,無所,新,〈元〉会社員,東京,選挙区,6432,0.11,0.0,0.0,5,0.0,1.574803149606299
実,松本,2013,66,0,0,0,無所,新,保険代理業・経営コンサルタント▽同志社大,東京,選挙区,6123,0.11,0.0,0.0,5,0.0,1.574803149606299
高志,中村,2013,53,0,0,0,無所,新,ビル設備管理会社員▽深沢高,東京,選挙区,6033,0.11,0.0,0.0,5,0.0,1.574803149606299
貞吉,西野,2013,77,0,0,0,無所,新,〈元〉タクシー運転手・陸上自衛官,東京,選挙区,3103,0.06,0.0,0.0,5,0.0,1.574803149606299
寛,鈴木,2013,49,0,1,0,民主,現,日本教育再興連盟理事〈元〉文科副大臣・慶大助教授・通産省職員▽東大,東京,選挙区,552714,9.8,0.0,8.0,5,0.0,31.496062992125985
淳,小倉,2013,55,0,0,0,維新,新,アナウンサー〈元〉江戸川大教授・日本テレビ社員▽成城大,東京,選挙区,413637,7.34,0.0,2.7,5,0.0,0.0
ローランド,桐島,2013,45,0,0,0,みんな,新,写真家▽米ニューヨーク大,東京,選挙区,320287,5.68,0.0,3.1,5,0.0,0.0
信行,鈴木,2013,47,0,0,0,諸派,新,維新政党新風代表・建設工事会社役員▽東京学館高中退,東京,選挙区,77465,1.37,0.0,0.0,5,0.0,0.0
量子,釈,2013,43,0,0,0,諸派,新,幸福実現党女性局長〈元〉幸福の科学常務理事・製紙会社員▽国学院大,東京,選挙区,20137,0.36,0.0,0.0,5,0.0,0.0
赤坂,マック,2013,64,0,0,0,諸派,新,スマイル党総裁・スマイルセラピー協会長〈元〉伊藤忠商事社員▽京大,東京,選挙区,12228,0.22,0.0,0.0,5,0.0,0.0
光雄,又吉,2013,69,0,0,0,諸派,新,世界経済共同体党代表〈元〉学習塾経営・自動車販売会社員▽中大,東京,選挙区,5633,0.1,0.0,0.0,5,0.0,0.0
安子,丸子,2013,45,0,0,0,みどり,新,服飾デザイナー・アパレル企画販売業〈元〉アパレル会社員▽文化服装学院,東京,選挙区,70571,1.25,0.0,0.1,5,0.0,0.0
大,島村,2013,52,1,0,0,自民,新,歯科医師〈元〉日本歯科医師連盟理事長▽東京歯大,神奈川,選挙区,1130652,28.79,27.2,42.5,4,0.0,34.57943925233645
成文,松沢,2013,55,1,0,0,みんな,新,筑波大客員教授〈元〉知事・衆院議員・県議・松下政経塾生▽慶大,神奈川,選挙区,740207,18.85,27.2,3.1,4,0.0,13.084112149532709
さやか,佐々木,2013,32,1,0,0,公明,新,弁護士・党女性局次長・党青年局次長▽創価大法科大学院,神奈川,選挙区,629662,16.03,27.2,5.3,4,0.0,8.411214953271028
弘恵,牧山,2013,48,1,1,0,民主,現,米国弁護士〈元〉松竹契約社員・ＴＢＳ社員▽国際基督教大,神奈川,選挙区,461006,11.74,27.2,8.0,4,0.0,25.233644859813083
君枝,畑野,2013,56,0,0,0,共産,元,党中央委員・党県副委員長〈元〉中学教諭▽横浜国大,神奈川,選挙区,444955,11.33,27.2,3.7,4,0.0,0.0
将史,水戸,2013,50,0,0,0,維新,現,税理士・党県総支部代表〈元〉民主党県幹事長・県議・衆院議員秘書▽慶大,神奈川,選挙区,242462,6.17,27.2,2.7,4,0.0,0.0
順一,露木,2013,57,0,0,0,みどり,新,〈元〉開成町長・内閣府地方分権改革推進委員・ＮＨＫ記者▽東大,神奈川,選挙区,119633,3.05,27.2,0.1,4,0.0,0.0
栄子,木村,2013,65,0,0,0,社民,新,党県副代表〈元〉藤沢市議・湘南地区労組協議会職員▽熊本県八代東高,神奈川,選挙区,76792,1.96,27.2,0.9,4,0.0,0.0
敏盛,溝口,2013,66,0,0,0,諸派,新,維新政党新風県代表〈元〉住友不動産販売社員・航空自衛隊員▽中大,神奈川,選挙区,41359,1.05,27.2,0.0,4,0.0,0.0
幸久,及川,2013,53,0,0,0,諸派,新,幸福実現党局長〈元〉幸福の科学北米本部長・証券会社員▽国際基督教大院,神奈川,選挙区,10006,0.25,27.2,0.0,4,0.0,0.0
正勝,森下,2013,69,0,0,0,無所,新,建築内装会社長▽神奈川大,神奈川,選挙区,30403,0.77,27.2,0.0,4,0.0,11.214953271028037
一郎,塚田,2013,49,1,1,公明,自民,現,〈元〉衆院議員秘書・さくら銀行員▽中大,新潟,選挙区,456542,43.01,252.7,42.5,2,5.3,101.88679245283019
直樹,風間,2013,46,1,1,0,民主,現,〈元〉外務政務官・党国対副委員長・衆院議員秘書・県議▽慶大,新潟,選挙区,204834,19.3,252.7,8.0,2,0.0,24.528301886792452
ゆうこ,森,2013,57,0,1,0,生活,現,党代表代行〈元〉党代表・文科副大臣・横越町議▽新潟大,新潟,選挙区,165308,15.57,252.7,0.5,2,0.0,0.0
隆一,米山,2013,45,0,0,0,維新,新,医師・弁護士・医療法人理事長・弁護士事務所代表▽東大院,新潟,選挙区,107591,10.14,252.7,2.7,2,0.0,0.0
博,西沢,2013,33,0,0,0,共産,新,党県政策委員長〈元〉民青県委員長・赤旗出張所長▽敬和学園大,新潟,選挙区,60317,5.68,252.7,3.7,2,0.0,1.8867924528301887
英明,渡辺,2013,63,0,0,0,社民,新,県平和運動センター議長〈元〉県高教組委員長・高校教諭▽駒沢大,新潟,選挙区,46101,4.34,252.7,0.9,2,0.0,5.660377358490567
美与子,安久,2013,78,0,0,0,無所,新,医療看護介護相談員・医療福祉ＮＰＯ法人理事長〈元〉目黒区議▽慶大中退,新潟,選挙区,15612,1.47,252.7,0.0,2,0.0,18.867924528301888
寛明,生越,2013,48,0,0,0,諸派,新,幸福実現党県副代表・幸福の科学支部長▽長岡高専,新潟,選挙区,5188,0.49,252.7,0.0,2,0.0,0.0
茂,堂故,2013,60,1,0,公明,自民,新,〈元〉氷見市長・県議・衆院議員秘書▽慶大,富山,選挙区,328638,77.05,249.4,42.5,1,5.3,175.0
渡,高橋,2013,50,0,0,0,共産,新,党県常任委員〈元〉党地区委員長・民青県委員長▽富山県立技術短大,富山,選挙区,51569,12.09,249.4,3.7,1,0.0,5.0
嘉晃,西江,2013,58,0,0,0,無所,新,旅館業〈元〉Ｊパワー社員▽早大,富山,選挙区,27509,6.45,249.4,0.0,1,0.0,7.5
かをる,吉田,2013,58,0,0,0,諸派,新,幸福実現党員・教育団体県代表〈元〉高校講師▽お茶の水女大,富山,選挙区,18797,4.41,249.4,0.0,1,0.0,0.0
修路,山田,2013,59,1,0,公明,自民,新,〈元〉農水審議官・水産庁長官・農水省生産局長・農村振興局長▽東大,石川,選挙区,321286,64.85,293.6,42.5,1,5.3,134.88372093023256
保夫,一川,2013,71,0,0,0,民主,現,党参院幹事長〈元〉防衛相・衆院議員・県議・農水省室長▽三重大,石川,選挙区,113817,22.97,293.6,8.0,1,0.0,41.86046511627907
良典,亀田,2013,64,0,0,0,共産,新,党県委員・県ロシア協会副理事長〈元〉県貿易協同組合専務理事▽金沢大,石川,選挙区,40295,8.13,293.6,3.7,1,0.0,4.651162790697675
茂,浜崎,2013,45,0,0,0,無所,新,飲食店経営〈元〉プロボクサー▽金沢西高,石川,選挙区,10114,2.04,293.6,0.0,1,0.0,13.953488372093023
智,宮元,2013,53,0,0,0,諸派,新,幸福実現党県副代表・幸福の科学職員〈元〉金沢大非常勤講師▽金沢大院,石川,選挙区,9935,2.01,293.6,0.0,1,0.0,0.0
宏文,滝波,2013,41,1,0,公明,自民,新,〈元〉財務省機構業務室長・広報室長・人事企画室長兼首席監察官▽東大,福井,選挙区,237732,70.59,316.1,42.5,1,5.3,167.56756756756758
利和,藤野,2013,61,0,0,0,民主,新,党県副代表・鮮魚販売業〈元〉県議・旧越前町議▽道守高,福井,選挙区,56409,16.75,316.1,8.0,1,0.0,35.13513513513514
和雄,山田,2013,46,0,0,0,共産,新,党県常任委員〈元〉三国町議・赤旗福井出張所長・車電装会社員▽春江工高,福井,選挙区,35600,10.57,316.1,3.7,1,0.0,5.405405405405405
康之,白川,2013,56,0,0,0,諸派,新,幸福実現党員・住宅改装業〈元〉土木建築会社員・不動産会社員▽福井大,福井,選挙区,7020,2.08,316.1,0.0,1,0.0,0.0
宏,森屋,2013,56,1,0,公明,自民,新,幼稚園長〈元〉県議・党県総務会長・都留青年会議所理事長▽北海道教大,山梨,選挙区,142529,37.3,101.7,42.5,1,5.3,94.73684210526315
岳洋,坂口,2013,42,0,0,民主 / 社民,無所,新,〈元〉民主党県顧問・衆院議員・投資会社顧問▽東大院,山梨,選挙区,75686,19.81,101.7,0.0,1,0.0,55.26315789473685
茂樹,青木,2013,44,0,0,0,無所,新,駒沢大教授〈元〉県産業振興ビジョン検討委員・山梨学院大教授▽慶大院,山梨,選挙区,61834,16.18,101.7,0.0,1,0.0,55.26315789473685
祥三,林,2013,65,0,0,0,無所,新,〈元〉長野県小学校教諭▽信州大,山梨,選挙区,3969,1.04,101.7,0.0,1,0.0,55.26315789473685
晴信,米長,2013,47,0,0,0,みんな,現,党県顧問〈元〉民主党副幹事長・フジテレビ記者▽上智大,山梨,選挙区,58750,15.38,101.7,3.1,1,0.0,0.0
昭子,遠藤,2013,61,0,0,0,共産,新,党県常任委員〈元〉臨床検査技師▽名大付属衛生検査技師学校,山梨,選挙区,36082,9.44,101.7,3.7,1,0.0,5.263157894736842
丈太郎,田辺,2013,32,0,0,0,諸派,新,幸福実現党員・幸福の科学職員〈元〉党県副代表▽東京理科大,山梨,選挙区,3220,0.84,101.7,0.0,1,0.0,0.0
博美,吉田,2013,64,1,2,公明,自民,現,党幹事長代理〈元〉参院決算委員会理事・県議会議長・衆院議員秘書▽早大,長野,選挙区,365115,37.24,172.8,42.5,2,5.3,46.55172413793103
雄一郎,羽田,2013,45,1,3,0,民主,現,〈元〉国交相・党参院国対委員長・党常任幹事・衆院議員秘書▽玉川大,長野,選挙区,294588,30.05,172.8,8.0,2,0.0,13.793103448275861
千晶,唐沢,2013,43,0,0,0,共産,新,党県若者雇用対策室長〈元〉県高校教職員組合書記▽明治学院大,長野,選挙区,154630,15.77,172.8,3.7,2,0.0,17.24137931034483
恵子,角,2013,33,0,0,0,みんな,新,〈元〉チューリッヒ保険会社員・三井住友海上社員▽日大,長野,選挙区,106915,10.91,172.8,3.1,2,0.0,0.0
ゆかり,神津,2013,46,0,0,0,無所,新,市民団体代表・フリーライター▽米ウェスタンミシガン大,長野,選挙区,51621,5.27,172.8,0.0,2,0.0,39.6551724137931
淳二,味岡,2013,54,0,0,0,諸派,新,幸福実現党員・経営コンサルタント業〈元〉セイコーエプソン社員▽日大,長野,選挙区,7537,0.77,172.8,0.0,2,0.0,0.0
泰正,大野,2013,54,1,0,公明,自民,新,〈元〉県議・参院議員秘書・運輸相秘書官・全日空社員▽慶大,岐阜,選挙区,500580,58.75,271.3,42.5,1,5.3,141.30434782608697
里江,吉田,2013,47,0,0,0,民主,新,海外インターンシップ仲介会社長〈元〉参院議員秘書▽英ウェールズ大院,岐阜,選挙区,218074,25.59,271.3,8.0,1,0.0,36.95652173913043
正典,鈴木,2013,49,0,0,0,共産,新,党県常任委員〈元〉赤旗記者・岐阜大生協労組執行委員長▽岐阜大,岐阜,選挙区,115503,13.56,271.3,3.7,1,0.0,4.3478260869565215
有輝彦,加納,2013,52,0,0,0,諸派,新,幸福実現党県政調会長〈元〉酒造会社員・幸福の科学職員▽岐阜高専,岐阜,選挙区,17893,2.1,271.3,0.0,1,0.0,0.0
京夫,牧野,2013,54,1,1,公明,自民,現,〈元〉参院災対特別委員長・参院国交委員長・県議・テレビ静岡記者▽早大,静岡,選挙区,634789,41.54,142.8,42.5,2,5.3,72.46376811594203
賀津也,榛葉,2013,46,1,2,0,民主,現,党県会長〈元〉外務副大臣・防衛副大臣・菊川町議▽米オタバイン大,静岡,選挙区,458095,29.98,142.8,8.0,2,0.0,34.78260869565217
唯記子,鈴木,2013,38,0,0,0,みんな,新,歯科技工士・党政治塾生▽浜松市立高,静岡,選挙区,187055,12.24,142.8,3.1,2,0.0,1.4492753623188406
飛竜,望月,2013,43,0,0,0,維新,新,精密機械部品製造会社長〈元〉維新政治塾生▽法大院在学,静岡,選挙区,119109,7.79,142.8,2.7,2,0.0,0.0
大介,森,2013,44,0,0,0,共産,新,党県常任委員・党国会議員団県事務所長▽日本福祉大,静岡,選挙区,115411,7.55,142.8,3.7,2,0.0,0.0
雄太,中野,2013,39,0,0,0,諸派,新,幸福実現党県幹事長・幸福の科学支部長〈元〉党県代表▽早大院,静岡,選挙区,13692,0.9,142.8,0.0,2,0.0,0.0
庸行,酒井,2013,61,1,0,公明,自民,新,党県政調会長〈元〉県議・刈谷市農業委員・刈谷市議▽日大,愛知,選挙区,1056145,35.39,259.1,42.5,3,5.3,45.63106796116505
耕平,大塚,2013,53,1,2,0,民主,現,党政調副会長〈元〉厚労副大臣・日本銀行国会渉外課調査役▽早大院,愛知,選挙区,741598,24.85,259.1,8.0,3,0.0,24.271844660194176
道代,薬師寺,2013,49,1,0,0,みんな,新,医師・愛知みずほ大院特任教授▽東京女医大,愛知,選挙区,347411,11.64,259.1,3.1,3,0.0,0.0
伸子,本村,2013,40,0,0,0,共産,新,党県常任委員〈元〉参院議員秘書・新日本婦人の会県職員▽龍谷大院,愛知,選挙区,271278,9.09,259.1,3.7,3,0.0,0.0
浩,近藤,2013,52,0,0,0,維新,新,介護会社役員〈元〉衆院議員・県議▽米ノースイースタン大中退,愛知,選挙区,263918,8.84,259.1,2.7,3,0.0,0.0
幸生,宇田,2013,40,0,0,0,諸派,新,減税日本副代表・弁護士・愛知大法科大学院非常勤講師▽関西大,愛知,選挙区,152038,5.1,259.1,0.0,3,0.0,0.0
裕美,中根,2013,39,0,0,0,諸派,新,幸福実現党員・保育士▽平安女学院短大,愛知,選挙区,30199,1.01,259.1,0.0,3,0.0,0.0
宗三郎,身玉山,2013,40,0,0,0,諸派,新,行政書士〈元〉ＪＩＣＡ調査員・ＪＩＣＡ青年海外協力隊員▽神戸大院在学,愛知,選挙区,11277,0.38,259.1,0.0,3,0.0,0.0
誠,平山,2013,61,0,0,生活,みどり,現,党国対委員長〈元〉新党日本総務局長・番組制作会社長▽埼玉県川越工高,愛知,選挙区,62985,2.11,259.1,0.1,3,0.5,0.0
善規,伊藤,2013,64,0,0,0,社民,新,党県幹事長・家具工房主宰〈元〉党春日井支部長・長久手町議▽春日井高,愛知,選挙区,47104,1.58,259.1,0.9,3,0.0,0.0
有美,吉川,2013,39,1,0,公明,自民,新,〈元〉三井住友銀行員・第三者認証機関社員▽東京農工大院,三重,選挙区,373035,44.23,308.7,42.5,1,5.3,72.54901960784314
千秋,高橋,2013,56,0,2,0,民主,現,党政策調査会長代理〈元〉外務副大臣・広告会社員・県経済連職員▽明大,三重,選挙区,317261,37.62,308.7,8.0,1,0.0,41.17647058823529
浩紹,深尾,2013,50,0,0,0,維新,新,経営大学院教授〈元〉ソフトウエア開発会社員▽同志社大,三重,選挙区,70779,8.39,308.7,2.7,1,0.0,0.0
民英,中川,2013,45,0,0,0,共産,新,党県委員・党地区常任委員〈元〉食品会社員▽茨城大院,三重,選挙区,59231,7.02,308.7,3.7,1,0.0,0.0
伸太郎,大津,2013,48,0,0,0,無所,新,〈元〉警備会社員・畳製造会社員・中学教諭▽大阪教大,三重,選挙区,14858,1.76,308.7,0.0,1,0.0,29.411764705882355
俊介,小川,2013,41,0,0,0,諸派,新,幸福実現党員・幸福の科学支部長〈元〉財団法人職員▽帝京大,三重,選挙区,8233,0.98,308.7,0.0,1,0.0,0.0
武史,二之湯,2013,36,1,0,公明,自民,新,進学塾社長〈元〉桜美林大国際学研究所研究員・稲盛財団フェロー▽京大,滋賀,選挙区,305872,53.42,355.7,42.5,1,5.3,89.36170212765957
久志,徳永,2013,50,0,0,0,民主,現,党県代表代行〈元〉参院拉致問題特別委員長・外務政務官・県議▽早大,滋賀,選挙区,167399,29.24,355.7,8.0,1,0.0,53.191489361702125
五久男,坪田,2013,54,0,0,0,共産,新,党県常任委員・農事組合法人理事〈元〉中学校教諭・小学校教諭▽滋賀大,滋賀,選挙区,86587,15.12,355.7,3.7,1,0.0,0.0
雅司,荒川,2013,38,0,0,0,諸派,新,幸福の科学滋賀本部巡回支部長〈元〉京滋本部広報部長▽福井大,滋賀,選挙区,12731,2.22,355.7,0.0,1,0.0,0.0
昌司,西田,2013,54,1,1,公明,自民,現,税理士・参院財政金融委理事〈元〉党参院国対副委員長・府議▽滋賀大,京都,選挙区,390577,36.95,365.3,42.5,2,5.3,68.33333333333333
明子,倉林,2013,52,1,0,0,共産,新,党中央委員〈元〉京都市議・府議・看護師▽京都市立看護短大,京都,選挙区,219273,20.75,365.3,3.7,2,0.0,30.0
圭朗,北神,2013,46,0,0,0,民主,新,〈元〉首相補佐官・衆院議員・経産政務官・大蔵省職員▽京大,京都,選挙区,201297,19.04,365.3,8.0,2,0.0,41.66666666666667
成介,山内,2013,47,0,0,0,維新,新,〈元〉不動産販売管理会社長・任天堂社員▽京大,京都,選挙区,164825,15.59,365.3,2.7,2,0.0,0.0
陽子,木下,2013,33,0,0,0,みんな,新,飲食店経営会社役員〈元〉日本ソムリエ協会関西支部委員▽米オハイオ大,京都,選挙区,71983,6.81,365.3,3.1,2,0.0,0.0
周作,曽我,2013,34,0,0,0,諸派,新,幸福実現党員〈元〉関電工社員▽大阪教大,京都,選挙区,6119,0.58,365.3,0.0,2,0.0,0.0
伸夫,新藤,2013,64,0,0,0,諸派,新,打出党代表・マンション経営会社長〈元〉大阪府立高校教諭▽京大,京都,選挙区,2906,0.27,365.3,0.0,2,0.0,0.0
徹,東,2013,46,1,0,0,維新,新,党総務会長〈元〉府議・福祉専門学校講師・衆院議員秘書▽東洋大院,大阪,選挙区,1056815,28.83,395.9,2.7,4,0.0,46.788990825688074
卓治,柳本,2013,68,1,0,0,自民,新,〈元〉党府特別顧問・衆院議員・大阪市議▽早大院,大阪,選挙区,817943,22.31,395.9,42.5,4,0.0,10.091743119266056
久武,杉,2013,37,1,0,0,公明,新,公認会計士・党青年局次長▽創価大,大阪,選挙区,697219,19.02,395.9,5.3,4,0.0,17.431192660550458
孝太郎,辰巳,2013,36,1,0,0,共産,新,党府くらし雇用対策委員長〈元〉地域団体事務局員▽米エマーソン大,大阪,選挙区,468904,12.79,395.9,3.7,4,0.0,2.7522935779816518
聡,梅村,2013,38,0,0,0,民主,現,医師・党府代表代行〈元〉厚労政務官▽阪大,大阪,選挙区,337378,9.2,395.9,8.0,4,0.0,8.256880733944955
肇,安座間,2013,35,0,0,0,みんな,新,ホテル運営会社員〈元〉政治家秘書・団体職員▽龍谷大,大阪,選挙区,157969,4.31,395.9,3.1,4,0.0,0.0
美華,吉羽,2013,32,0,0,0,大地,新,〈元〉民主党支部長・寝屋川市議▽関西学院大,大阪,選挙区,56573,1.54,395.9,0.0,4,0.0,0.0
利久,藤島,2013,51,0,0,0,無所,新,政治団体代表〈元〉衆院議員秘書・さきがけ高知総務局長▽東海大中退,大阪,選挙区,20928,0.57,395.9,0.0,4,0.0,2.7522935779816518
忠,長嶺,2013,52,0,0,0,無所,新,〈元〉三洋電機社員▽米ボストン大院,大阪,選挙区,17671,0.48,395.9,0.0,4,0.0,2.7522935779816518
勝,中村,2013,62,0,0,0,諸派,新,二十一世紀日本維新会代表・建設会社長〈元〉阪大事務職員▽立命大,大阪,選挙区,20155,0.55,395.9,0.0,4,0.0,0.0
悦宏,森,2013,46,0,0,0,諸派,新,幸福の科学職員・幸福実現党府副代表▽関西大,大阪,選挙区,14178,0.39,395.9,0.0,4,0.0,0.0
祥肇,鴻池,2013,72,1,3,公明,自民,現,〈元〉官房副長官・防災担当相・衆院議員・日本青年会議所会頭▽早大,兵庫,選挙区,868069,37.78,425.2,42.5,2,5.3,32.58426966292135
貴之,清水,2013,39,1,0,0,維新,新,〈元〉テレビリポーター・朝日放送アナウンサー▽早大,兵庫,選挙区,598630,26.05,425.2,2.7,2,0.0,0.0
泰弘,辻,2013,57,0,1,0,民主,現,党県常任顧問〈元〉厚労副大臣・医療経済研究機構部長・民社党職員▽東大,兵庫,選挙区,343551,14.95,425.2,8.0,2,0.0,21.34831460674157
峰生,金田,2013,47,0,0,0,共産,新,党県常任委員〈元〉参院議員秘書・県議▽日本福祉大,兵庫,選挙区,220577,9.6,425.2,3.7,2,0.0,5.617977528089887
英里子,下村,2013,30,0,0,0,みんな,新,介護事業会社長〈元〉党職員▽立教大院,兵庫,選挙区,174132,7.58,425.2,3.1,2,0.0,1.1235955056179776
なみほ,松本,2013,39,0,0,0,諸派,新,環境政策指導業・緑の党運営委員・県温暖化防止推進員▽神戸市外大,兵庫,選挙区,58032,2.53,425.2,0.0,2,0.0,0.0
侑子,湊,2013,30,0,0,0,諸派,新,幸福実現党職員〈元〉ＨＳ政経塾生・党和歌山県副代表▽関西学院大,兵庫,選挙区,34827,1.52,425.2,0.0,2,0.0,0.0
巌,堀井,2013,47,1,0,公明,自民,新,〈元〉総務省給与能率推進室長・岡山県総務部長・内閣官房職員▽東大,奈良,選挙区,354658,58.63,368.7,42.5,1,5.3,102.27272727272727
孝典,大西,2013,57,0,0,0,民主,新,党県副代表〈元〉衆院議員・党職員・衆院議員秘書・林業▽上智大,奈良,選挙区,139680,23.09,368.7,8.0,1,0.0,40.909090909090914
和広,谷川,2013,34,0,0,0,共産,新,党県青年学生部事務局長〈元〉民青同盟県委員長・レジャー会社員▽大谷大,奈良,選挙区,91704,15.16,368.7,3.7,1,0.0,25.0
孝子,田中,2013,58,0,0,0,諸派,新,幸福の科学職員・幸福実現党県副代表〈元〉ハローワーク相談員▽早大,奈良,選挙区,18907,3.13,368.7,0.0,1,0.0,0.0
弘成,世耕,2013,50,1,3,公明,自民,現,官房副長官〈元〉首相補佐官・ＮＴＴ社員▽早大,和歌山,選挙区,337477,77.25,443.9,42.5,1,5.3,145.23809523809524
矢寸久,原,2013,61,0,0,0,共産,新,党県副委員長〈元〉党地区委員長▽立命大中退,和歌山,選挙区,83172,19.04,443.9,3.7,1,0.0,21.428571428571427
美也子,久保,2013,52,0,0,0,諸派,新,幸福の科学職員・幸福実現党県副代表▽和歌山経理専門学校,和歌山,選挙区,16187,3.71,443.9,0.0,1,0.0,0.0
昇治,舞立,2013,37,1,0,公明,自民,新,〈元〉総務省職員・新潟県財政課長・山口県下関市財政部長▽東大,鳥取,選挙区,160783,58.25,494.6,42.5,1,5.3,128.57142857142858
義博,川上,2013,62,0,0,0,民主,現,〈元〉首相補佐官・党県代表・自民党組織局次長・衆院議員・県議▽青学大,鳥取,選挙区,82717,29.97,494.6,8.0,1,0.0,48.57142857142857
尚之,岩永,2013,56,0,0,0,共産,新,党県書記長〈元〉党地区委員長・民青県役員・鳥取医療生協職員▽鳥取大,鳥取,選挙区,19600,7.1,494.6,3.7,1,0.0,14.285714285714285
由里子,吉岡,2013,46,0,0,0,諸派,新,幸福実現党員〈元〉小学校教諭・養護学校教諭・小学校講師▽京都教育大,鳥取,選挙区,6782,2.46,494.6,0.0,1,0.0,0.0
洋,井上,2013,64,0,0,0,無所,新,貿易コンサルタント業〈元〉貿易商社員▽東京経大,鳥取,選挙区,6158,2.23,494.6,0.0,1,0.0,22.857142857142858
三郎,島田,2013,57,1,0,公明,自民,新,社会福祉法人理事長〈元〉県議・党県総務会長・衆院議員秘書▽青学大,島根,選挙区,202181,57.84,602.3,42.5,1,5.3,129.72972972972974
亜紀子,亀井,2013,48,0,0,社民,みどり,現,党幹事長〈元〉国民新党政調会長・衆院議員秘書▽学習院大,島根,選挙区,115043,32.91,602.3,0.1,1,0.9,0.0
慎一,向瀬,2013,42,0,0,0,共産,新,党地区副委員長・党県委員〈元〉日本民主青年同盟県委員長▽山形大院,島根,選挙区,26255,7.51,602.3,3.7,1,0.0,13.513513513513514
節子,池田,2013,57,0,0,0,諸派,新,幸福実現党員・教育団体県代表〈元〉仁多町農協職員▽横田高,島根,選挙区,6054,1.73,602.3,0.0,1,0.0,0.0
正弘,石井,2013,67,1,0,公明,自民,新,〈元〉知事・建設省大臣官房審議官・大臣官房文書課長▽東大,岡山,選挙区,490727,65.47,536.6,42.5,1,5.3,107.14285714285714
崇志,高井,2013,43,0,0,民主 / 社民 / みど,無所,新,〈元〉民主党県幹事長・衆院議員・総務省職員・県情報政策課長▽東大,岡山,選挙区,180864,24.13,536.6,0.0,1,0.0,17.857142857142858
京美,垣内,2013,46,0,0,0,共産,新,党准中央委員・党県女性部長〈元〉岡山民報記者▽岡山大,岡山,選挙区,65455,8.73,536.6,3.7,1,0.0,5.357142857142857
園枝,安原,2013,51,0,0,0,諸派,新,幸福実現党員〈元〉党県代表・ゴム製品会社員▽享栄タイピスト専門学校,岡山,選挙区,12517,1.67,536.6,0.0,1,0.0,0.0
顕正,溝手,2013,70,1,4,公明,自民,現,党参院幹事長・党税調副会長〈元〉防災担当相・旧三原市長▽東大,広島,選挙区,521794,46.28,675.1,42.5,2,5.3,72.72727272727273
真治,森本,2013,40,1,0,0,民主,新,党県副代表・茶道講師〈元〉広島市議・松下政経塾生▽同志社大,広島,選挙区,194358,17.24,675.1,8.0,2,0.0,15.151515151515152
香奈,灰岡,2013,30,0,0,0,維新,新,広島修道大同窓会評議員〈元〉山口県和木町議▽広島修道大,広島,選挙区,173266,15.37,675.1,2.7,2,0.0,0.0
公治,佐藤,2013,53,0,0,みど,生活,現,党参院幹事長〈元〉民主党県代表・衆院議員・衆院議員秘書▽慶大,広島,選挙区,137327,12.18,675.1,0.5,2,0.0,0.0
恵史,皆川,2013,69,0,0,0,共産,新,党県副委員長〈元〉広島市議・党県職員・法律事務所職員▽広島大,広島,選挙区,86145,7.64,675.1,3.7,2,0.0,1.5151515151515151
順子,日高,2013,50,0,0,0,諸派,新,幸福実現党県副代表〈元〉保育士▽奈良文化女短大,広島,選挙区,14621,1.3,675.1,0.0,2,0.0,0.0
芳正,林,2013,52,1,3,公明,自民,現,農水相〈元〉経済財政相・防衛相・三井物産社員▽米ハーバード大院,山口,選挙区,455546,79.36,769.0,42.5,1,5.3,112.24489795918366
直子,藤井,2013,61,0,0,0,共産,新,党県委員〈元〉周南市議・徳山市議・学童保育指導員▽立命大,山口,選挙区,95480,16.63,769.0,3.7,1,0.0,8.16326530612245
美和子,河井,2013,50,0,0,0,諸派,新,幸福の科学職員・幸福実現党県副代表〈元〉明治安田生命社員▽明星大,山口,選挙区,22986,4.0,769.0,0.0,1,0.0,0.0
亨,三木,2013,46,1,0,公明,自民,新,党県副幹事長〈元〉県議・食品加工製造販売会社員▽中大,徳島,選挙区,179127,57.52,502.5,42.5,1,5.3,124.39024390243902
智司,中谷,2013,44,0,0,0,民主,現,参院農水委員長・党県代表〈元〉ＩＴ関連会社員▽徳島大院,徳島,選挙区,90498,29.06,502.5,8.0,1,0.0,21.951219512195124
恭子,上村,2013,55,0,0,0,共産,新,党県常任委員・党県女性部長〈元〉看護師・民青同盟県常任委員▽徳島大,徳島,選挙区,29733,9.55,502.5,3.7,1,0.0,17.073170731707318
由佳,小松,2013,31,0,0,0,諸派,新,幸福の科学職員・ＨＳ政経塾生▽一橋大,徳島,選挙区,12037,3.87,502.5,0.0,1,0.0,0.0
伸吾,三宅,2013,51,1,0,公明,自民,新,〈元〉日本経済新聞編集委員▽東大院,香川,選挙区,233270,56.05,536.7,42.5,1,5.3,158.53658536585365
恵美子,植松,2013,45,0,0,0,無所,現,温泉宿泊施設運営会社長〈元〉参院予算委理事・民主党政調副会長▽神戸大,香川,選挙区,142407,34.22,536.7,0.0,1,0.0,7.317073170731707
健一,田辺,2013,32,0,0,0,共産,新,党県常任委員・党県青年学生対策部長〈元〉民青同盟県委員▽香川大,香川,選挙区,34602,8.31,536.7,3.7,1,0.0,9.75609756097561
利恵,中西,2013,50,0,0,0,諸派,新,幸福の科学職員・幸福実現党県副代表・建設会社役員▽国土建設学院,香川,選挙区,5932,1.43,536.7,0.0,1,0.0,0.0
巧,井原,2013,49,1,0,公明,自民,新,茶道裏千家淡交会支部長〈元〉四国中央市長・県議・衆院議員秘書▽専修大,愛媛,選挙区,373047,66.6,666.1,42.5,1,5.3,134.04255319148936
佳代子,藤岡,2013,47,0,0,0,みんな,新,〈元〉県結婚支援センター員・出版会社員・民放リポーター▽松山商大,愛媛,選挙区,102913,18.37,666.1,3.1,1,0.0,0.0
正勝,植木,2013,60,0,0,0,共産,新,党県常任委員〈元〉日用品販売業・周桑民主商工会副会長▽高知大,愛媛,選挙区,61385,10.96,666.1,3.7,1,0.0,4.25531914893617
浩二,森田,2013,53,0,0,0,諸派,新,幸福実現党県副代表・幸福の科学巡回支部長▽関西大,愛媛,選挙区,14147,2.53,666.1,0.0,1,0.0,0.0
昭浩,郡,2013,52,0,0,0,無所,新,〈元〉塾講師▽早大,愛媛,選挙区,8612,1.54,666.1,0.0,1,0.0,19.148936170212767
光二郎,高野,2013,38,1,0,公明,自民,新,旅館運営会社役員・県舗装協会顧問〈元〉県議・衆院議員秘書▽東京農大,高知,選挙区,159709,52.86,612.2,42.5,1,5.3,76.92307692307693
百合子,浜川,2013,33,0,0,0,共産,新,党県常任委員〈元〉党県議団事務局長・民青同盟中央委員▽高知大,高知,選挙区,72939,24.14,612.2,3.7,1,0.0,30.76923076923077
則男,武内,2013,54,0,0,0,民主,現,党県代表・参院厚労委員長〈元〉高知市議・高知市職員▽高知工高,高知,選挙区,65236,21.59,612.2,8.0,1,0.0,5.128205128205128
毅,橋詰,2013,50,0,0,0,諸派,新,幸福の科学巡回支部長〈元〉生協職員▽中大,高知,選挙区,4268,1.41,612.2,0.0,1,0.0,0.0
政司,松山,2013,54,1,2,公明,自民,現,外務副大臣・党県会長〈元〉建設会社長・日本青年会議所会頭▽明大,福岡,選挙区,958042,49.23,880.6,42.5,2,5.3,54.65116279069767
国義,野田,2013,55,1,0,生活,民主,新,党県副代表〈元〉衆院議員・八女市長・衆院議員秘書▽日大,福岡,選挙区,348250,17.9,880.6,8.0,2,0.5,26.744186046511626
俊之,吉田,2013,57,0,0,0,維新,新,〈元〉九州朝日放送記者▽早大,福岡,選挙区,222180,11.42,880.6,2.7,2,0.0,0.0
省三,真島,2013,50,0,0,0,共産,新,党県副委員長〈元〉県議・民青地区委員長▽九州工大中退,福岡,選挙区,207101,10.64,880.6,3.7,2,0.0,0.0
輝生,古賀,2013,49,0,0,0,みんな,新,〈元〉化粧品等製造販売会社長・ペット用品会社長・広告会社員▽法大,福岡,選挙区,176396,9.06,880.6,3.1,2,0.0,0.0
和枝,吉冨,2013,54,0,0,0,諸派,新,幸福実現党員・子ども支援団体地区代表〈元〉小学校教諭▽九州女短大,福岡,選挙区,34090,1.75,880.6,0.0,2,0.0,0.0
雄平,山下,2013,33,1,0,公明,自民,新,〈元〉日本経済新聞記者・時事通信記者▽慶大,佐賀,選挙区,223810,64.64,904.0,42.5,1,5.3,186.8421052631579
一功,青木,2013,37,0,0,0,民主,新,党県副代表〈元〉衆院議員秘書・医療法人役員▽米ショアライン短大中退,佐賀,選挙区,83447,24.1,904.0,8.0,1,0.0,26.31578947368421
泰稔,上村,2013,48,0,0,0,共産,新,党県常任委員〈元〉党県書記長・民青県常任委員▽佐賀大中退,佐賀,選挙区,30920,8.93,904.0,3.7,1,0.0,5.263157894736842
徹,中島,2013,39,0,0,0,諸派,新,幸福の科学職員・幸福実現党県副代表〈元〉建築資材メーカー社員▽福岡大,佐賀,選挙区,8067,2.33,904.0,0.0,1,0.0,0.0
友一郎,古賀,2013,45,1,0,公明,自民,新,〈元〉長崎市副市長・総務省高齢対策室長▽東大,長崎,選挙区,359805,59.23,961.7,42.5,1,5.3,93.47826086956522
潔重,大久保,2013,47,0,0,みど,民主,現,歯科医師・党県代表代行〈元〉県議・小沢一郎政治塾生▽長崎大,長崎,選挙区,186402,30.69,961.7,8.0,1,0.0,50.0
敏彦,原口,2013,51,0,0,0,共産,新,党県書記長・党県政策委員長・党県常任委員〈元〉党地区委員長▽球磨工高,長崎,選挙区,45638,7.51,961.7,3.7,1,0.0,4.3478260869565215
聖人,山田,2013,47,0,0,0,諸派,新,幸福の科学職員・幸福実現党県副代表〈元〉制御機器会社員▽長崎大,長崎,選挙区,15586,2.57,961.7,0.0,1,0.0,0.0
成志,馬場,2013,48,1,0,公明,自民,新,〈元〉県議長・全国県議長会副会長・党県政調会長・熊本市議▽熊本工高,熊本,選挙区,450617,60.56,884.6,42.5,1,5.3,116.3265306122449
信夫,松野,2013,62,0,0,みど,民主,現,弁護士・党県代表〈元〉法務政務官・衆院議員・県弁護士会副会長▽東大,熊本,選挙区,221553,29.77,884.6,8.0,1,0.0,4.081632653061225
伸裕,山本,2013,50,0,0,0,共産,新,党県国政対策委員長・党県委員〈元〉党県書記長・県議秘書▽熊本大,熊本,選挙区,58982,7.93,884.6,3.7,1,0.0,4.081632653061225
隆志,守田,2013,63,0,0,0,諸派,新,幸福の科学職員・幸福実現党県副代表〈元〉県職員▽熊本大,熊本,選挙区,12944,1.74,884.6,0.0,1,0.0,0.0
陽輔,礒崎,2013,55,1,1,公明,自民,現,首相補佐官〈元〉参院文教科学委員長・総務省大臣官房参事官▽東大,大分,選挙区,250915,49.98,790.2,42.5,1,5.3,81.81818181818183
慎太郎,後藤,2013,38,0,0,生活 / 社民 / みど,無所,新,農業生産法人代表〈元〉大分市農協職員▽大分大院,大分,選挙区,137049,27.3,790.2,0.0,1,0.0,38.63636363636363
魁,山下,2013,36,0,0,0,共産,新,党県委員〈元〉日本民主青年同盟県委員長▽ＮＨＫ学園高,大分,選挙区,55249,11.01,790.2,3.7,1,0.0,4.545454545454546
英樹,浦野,2013,44,0,0,0,みんな,新,社会保険労務士〈元〉東京都三鷹市議・出版社員▽都立大,大分,選挙区,44542,8.87,790.2,3.1,1,0.0,0.0
敦子,上田,2013,46,0,0,0,諸派,新,幸福実現党県副代表・幸福の科学巡回支部長〈元〉大分銀行員▽同志社女大,大分,選挙区,14265,2.84,790.2,0.0,1,0.0,0.0
誠,長峯,2013,43,1,0,公明,自民,新,〈元〉都城市長・県議・参院議員秘書▽早大,宮崎,選挙区,314599,69.32,872.3,42.5,1,5.3,117.94871794871796
誠一郎,道休,2013,60,0,0,0,民主,新,党県副代表〈元〉衆院議員・野村証券社員▽米コロンビア大院,宮崎,選挙区,84443,18.61,872.3,8.0,1,0.0,17.94871794871795
一人,来住,2013,68,0,0,0,共産,新,党県委員〈元〉都城市議・党地区委員長,宮崎,選挙区,39673,8.74,872.3,3.7,1,0.0,5.128205128205128
一郎,河野,2013,53,0,0,0,諸派,新,幸福実現党県副代表・幸福の科学支部長〈元〉日向養護学校教諭▽宮崎大,宮崎,選挙区,15144,3.34,872.3,0.0,1,0.0,0.0
秀久,尾辻,2013,72,1,4,公明,自民,現,日本遺族会長〈元〉参院副議長・厚労相・財務副大臣▽東大中退,鹿児島,選挙区,403450,59.02,962.7,42.5,1,5.3,121.56862745098039
稲生,皆吉,2013,63,0,0,0,民主,新,党県幹事長〈元〉衆院議員・連合鹿児島副会長・鹿児島市職員▽立命大,鹿児島,選挙区,120803,17.67,962.7,8.0,1,0.0,1.9607843137254901
仁子,岩重,2013,39,0,0,0,維新,新,〈元〉青年海外協力隊員・ＩＴ会社員▽英バーミンガム大院,鹿児島,選挙区,99355,14.53,962.7,2.7,1,0.0,0.0
寛,野口,2013,67,0,0,0,共産,新,党地区委員長・党県委員〈元〉西之表市議・高校教諭▽九大,鹿児島,選挙区,50341,7.36,962.7,3.7,1,0.0,1.9607843137254901
力,松沢,2013,31,0,0,0,諸派,新,幸福の科学職員・幸福実現党県青年部長〈元〉小売業社員▽鹿児島大,鹿児島,選挙区,9629,1.41,962.7,0.0,1,0.0,0.0
慶子,糸数,2013,65,1,2,生活 / 共産 / 社民 / みど,諸派,現,沖縄社会大衆党委員長〈元〉県議・専門学校講師・バス会社員▽読谷高,沖縄,選挙区,294420,51.13,1553.6,0.0,1,0.0,0.0
竜郎,金城,2013,49,0,0,0,諸派,新,幸福の科学支部長〈元〉沖縄気象台職員▽沖縄国際大,沖縄,選挙区,9462,1.64,1553.6,0.0,1,0.0,0.0
政晃,安里,2013,45,0,0,公明,自民,新,社福法人理事長〈元〉県教育委員▽東京観光専門学校,沖縄,選挙区,261392,45.4,1553.6,42.5,1,5.3,68.75
メリー,新島,2013,67,0,0,0,無所,新,〈元〉バスガイド・専門学校非常勤講師▽首里高,沖縄,選挙区,10505,1.82,1553.6,0.0,1,0.0,18.75
